theme,file,line,type,raw_value,token,confidence,usage
bdsm,"themes/bdsm/assets/bdsm-theme.css",5,hex,"#dc2626",danger,high,unknown
bdsm,"themes/bdsm/assets/bdsm-theme.css",6,hex,"#ef4444",danger-light,high,unknown
bdsm,"themes/bdsm/assets/bdsm-theme.css",7,hex,"#f87171",accent,low,unknown
bdsm,"themes/bdsm/assets/bdsm-theme.css",8,hex,"#fca5a5",accent,low,unknown
bdsm,"themes/bdsm/assets/bdsm-theme.css",9,hex,"#d1d5db",border,high,unknown
bdsm,"themes/bdsm/assets/bdsm-theme.css",10,hex,"#ffffff",bg,high,unknown
bdsm,"themes/bdsm/assets/bdsm-theme.css",11,hex,"#1a1a1a",text-dark,high,unknown
bdsm,"themes/bdsm/assets/bdsm-theme.css",12,hex,"#6b7280",text-muted,high,unknown
bdsm,"themes/bdsm/assets/bdsm-theme.css",49,rgb,"rgba(0,0,0,0.8)",accent,low,unknown
bdsm,"themes/bdsm/assets/bdsm-theme.css",29,cssVar,"var(--bdsm-icon-md)",accent,low,unknown
bdsm,"themes/bdsm/assets/bdsm-theme.css",30,cssVar,"var(--bdsm-icon-md)",accent,low,unknown
bdsm,"themes/bdsm/assets/bdsm-theme.css",31,cssVar,"var(--bdsm-primary)",accent,low,unknown
bdsm,"themes/bdsm/assets/bdsm-theme.css",36,cssVar,"var(--bdsm-icon-sm)",accent,low,unknown
bdsm,"themes/bdsm/assets/bdsm-theme.css",36,cssVar,"var(--bdsm-icon-sm)",accent,low,unknown
bdsm,"themes/bdsm/assets/bdsm-theme.css",37,cssVar,"var(--bdsm-icon-md)",accent,low,unknown
bdsm,"themes/bdsm/assets/bdsm-theme.css",37,cssVar,"var(--bdsm-icon-md)",accent,low,unknown
bdsm,"themes/bdsm/assets/bdsm-theme.css",38,cssVar,"var(--bdsm-icon-lg)",accent,low,unknown
bdsm,"themes/bdsm/assets/bdsm-theme.css",38,cssVar,"var(--bdsm-icon-lg)",accent,low,unknown
bdsm,"themes/bdsm/assets/bdsm-theme.css",39,cssVar,"var(--bdsm-icon-xl)",accent,low,unknown
bdsm,"themes/bdsm/assets/bdsm-theme.css",39,cssVar,"var(--bdsm-icon-xl)",accent,low,unknown
bdsm,"themes/bdsm/assets/bdsm-theme.css",42,cssVar,"var(--bdsm-primary)",accent,low,unknown
bdsm,"themes/bdsm/assets/bdsm-theme.css",43,cssVar,"var(--bdsm-secondary)",accent,low,unknown
bdsm,"themes/bdsm/assets/bdsm-theme.css",44,cssVar,"var(--bdsm-accent)",accent,low,unknown
bdsm,"themes/bdsm/assets/bdsm-theme.css",45,cssVar,"var(--bdsm-bright)",accent,low,unknown
bdsm,"themes/bdsm/assets/bdsm-theme.css",46,cssVar,"var(--bdsm-silver)",accent,low,unknown
bdsm,"themes/bdsm/assets/bdsm-theme.css",48,cssVar,"var(--bdsm-contrast)",accent,low,unknown
bdsm,"themes/bdsm/assets/bdsm-theme.css",53,cssVar,"var(--bdsm-opacity-subtle)",accent,low,unknown
bdsm,"themes/bdsm/assets/bdsm-theme.css",54,cssVar,"var(--bdsm-opacity-medium)",accent,low,unknown
bdsm,"themes/bdsm/assets/bdsm-theme.css",55,cssVar,"var(--bdsm-opacity-bold)",accent,low,unknown
bdsm,"themes/bdsm/assets/bdsm-theme.css",111,cssVar,"var(--bdsm-opacity-subtle)",accent,low,unknown
bdsm,"themes/bdsm/assets/bdsm-theme.css",112,cssVar,"var(--bdsm-opacity-medium)",accent,low,unknown
bdsm,"themes/bdsm/assets/bdsm-theme.css",138,cssVar,"var(--bdsm-secondary)",accent,low,unknown
bdsm,"themes/bdsm/assets/bdsm-theme.css",139,cssVar,"var(--bdsm-opacity-medium)",accent,low,unknown
bdsm,"themes/bdsm/assets/bdsm-theme.css",144,cssVar,"var(--bdsm-secondary)",accent,low,unknown
bdsm,"themes/bdsm/assets/bdsm-theme.css",145,cssVar,"var(--bdsm-opacity-bold)",accent,low,unknown
bdsm,"themes/bdsm/assets/bdsm-theme.css",156,cssVar,"var(--bdsm-opacity-subtle)",accent,low,unknown
bdsm,"themes/bdsm/assets/bdsm-theme.css",161,cssVar,"var(--bdsm-opacity-medium)",accent,low,unknown
bdsm,"themes/bdsm/assets/bdsm-theme.css",191,cssVar,"var(--bdsm-primary)",accent,low,unknown
bdsm,"themes/bdsm/assets/bdsm-theme.css",191,cssVar,"var(--bdsm-secondary)",accent,low,unknown
bdsm,"themes/bdsm/assets/bdsm-theme.css",191,cssVar,"var(--bdsm-primary)",accent,low,unknown
bdsm,"themes/bdsm/assets/bdsm-theme.css",202,cssVar,"var(--bdsm-icon-sm)",accent,low,unknown
bdsm,"themes/bdsm/assets/bdsm-theme.css",203,cssVar,"var(--bdsm-icon-sm)",accent,low,unknown
bdsm,"themes/bdsm/assets/bdsm-theme.css",138,gradient,"linear-gradient(to right, transparent, var(--bdsm-secondary)",accent,low,unknown
bdsm,"themes/bdsm/assets/bdsm-theme.css",191,gradient,"linear-gradient(90deg, var(--bdsm-primary)",accent,low,unknown
dark,"themes/dark/assets/victorian-boudoir.css",5,hex,"#b8860b",accent,low,unknown
dark,"themes/dark/assets/victorian-boudoir.css",6,hex,"#9a7209",accent,low,unknown
dark,"themes/dark/assets/victorian-boudoir.css",7,hex,"#f8f6f0",accent,low,unknown
dark,"themes/dark/assets/victorian-boudoir.css",8,hex,"#722f37",accent,low,unknown
dark,"themes/dark/assets/victorian-boudoir.css",9,hex,"#800020",accent,low,unknown
dark,"themes/dark/assets/victorian-boudoir.css",10,hex,"#fffff0",accent,low,unknown
dark,"themes/dark/assets/victorian-boudoir.css",11,hex,"#ffbf00",accent,low,unknown
dark,"themes/dark/assets/victorian-boudoir.css",12,hex,"#8fbc8f",accent,low,unknown
dark,"themes/dark/assets/victorian-boudoir.css",41,rgb,"rgba(184, 134, 11, 0.05)",accent,low,unknown
dark,"themes/dark/assets/victorian-boudoir.css",42,rgb,"rgba(184, 134, 11, 0.08)",accent,low,unknown
dark,"themes/dark/assets/victorian-boudoir.css",43,rgb,"rgba(248, 246, 240, 0.03)",accent,low,unknown
dark,"themes/dark/assets/victorian-boudoir.css",44,rgb,"rgba(184, 134, 11, 0.06)",accent,low,unknown
dark,"themes/dark/assets/victorian-boudoir.css",100,rgb,"rgba(184, 134, 11, 0.4)",accent,low,unknown
dark,"themes/dark/assets/victorian-boudoir.css",101,rgb,"rgba(255, 255, 255, 0.2)",accent,low,unknown
dark,"themes/dark/assets/victorian-boudoir.css",128,rgb,"rgba(114, 47, 55, 0.4)",accent,low,unknown
dark,"themes/dark/assets/victorian-boudoir.css",206,rgb,"rgba(184, 134, 11, 0.3)",accent,low,unknown
dark,"themes/dark/assets/victorian-boudoir.css",207,rgb,"rgba(255, 191, 0, 0.1)",accent,low,unknown
dark,"themes/dark/assets/victorian-boudoir.css",218,rgb,"rgba(255, 191, 0, 0.2)",accent,low,unknown
dark,"themes/dark/assets/victorian-boudoir.css",219,rgb,"rgba(184, 134, 11, 0.1)",accent,low,unknown
dark,"themes/dark/assets/victorian-boudoir.css",220,rgb,"rgba(255, 255, 240, 0.05)",accent,low,unknown
dark,"themes/dark/assets/victorian-boudoir.css",223,rgb,"rgba(255, 191, 0, 0.08)",accent,low,unknown
dark,"themes/dark/assets/victorian-boudoir.css",236,rgb,"rgba(0, 0, 0, 0.4)",accent,low,unknown
dark,"themes/dark/assets/victorian-boudoir.css",237,rgb,"rgba(255, 255, 255, 0.2)",accent,low,unknown
dark,"themes/dark/assets/victorian-boudoir.css",247,rgb,"rgba(184, 134, 11, 0.3)",accent,low,unknown
dark,"themes/dark/assets/victorian-boudoir.css",248,rgb,"rgba(184, 134, 11, 0.1)",accent,low,unknown
dark,"themes/dark/assets/victorian-boudoir.css",279,rgb,"rgba(0,0,0,0.3)",accent,low,unknown
dark,"themes/dark/assets/victorian-boudoir.css",306,rgb,"rgba(184, 134, 11, 0.05)",accent,low,unknown
dark,"themes/dark/assets/victorian-boudoir.css",307,rgb,"rgba(184, 134, 11, 0.08)",accent,low,unknown
dark,"themes/dark/assets/victorian-boudoir.css",308,rgb,"rgba(248, 246, 240, 0.03)",accent,low,unknown
dark,"themes/dark/assets/victorian-boudoir.css",309,rgb,"rgba(184, 134, 11, 0.06)",accent,low,unknown
dark,"themes/dark/assets/victorian-boudoir.css",318,rgb,"rgba(0, 0, 0, 0.4)",accent,low,unknown
dark,"themes/dark/assets/victorian-boudoir.css",319,rgb,"rgba(184, 134, 11, 0.15)",accent,low,unknown
dark,"themes/dark/assets/victorian-boudoir.css",328,rgb,"rgba(184, 134, 11, 0.3)",accent,low,unknown
dark,"themes/dark/assets/victorian-boudoir.css",329,rgb,"rgba(248, 246, 240, 0.1)",accent,low,unknown
dark,"themes/dark/assets/victorian-boudoir.css",336,rgb,"rgba(184, 134, 11, 0.4)",accent,low,unknown
dark,"themes/dark/assets/victorian-boudoir.css",337,rgb,"rgba(248, 246, 240, 0.15)",accent,low,unknown
dark,"themes/dark/assets/victorian-boudoir.css",17,cssVar,"var(--victorian-antique-gold)",accent,low,unknown
dark,"themes/dark/assets/victorian-boudoir.css",28,cssVar,"var(--victorian-antique-gold)",accent,low,unknown
dark,"themes/dark/assets/victorian-boudoir.css",28,cssVar,"var(--victorian-antique-gold)",accent,low,unknown
dark,"themes/dark/assets/victorian-boudoir.css",30,cssVar,"var(--victorian-pearl)",accent,low,unknown
dark,"themes/dark/assets/victorian-boudoir.css",30,cssVar,"var(--victorian-pearl)",accent,low,unknown
dark,"themes/dark/assets/victorian-boudoir.css",69,cssVar,"var(--theme-bg-primary)",accent,low,unknown
dark,"themes/dark/assets/victorian-boudoir.css",70,cssVar,"var(--victorian-antique-gold)",accent,low,unknown
dark,"themes/dark/assets/victorian-boudoir.css",86,cssVar,"var(--victorian-antique-gold)",accent,low,unknown
dark,"themes/dark/assets/victorian-boudoir.css",87,cssVar,"var(--victorian-deep-gold)",accent,low,unknown
dark,"themes/dark/assets/victorian-boudoir.css",88,cssVar,"var(--victorian-antique-gold)",accent,low,unknown
dark,"themes/dark/assets/victorian-boudoir.css",94,cssVar,"var(--victorian-pearl)",accent,low,unknown
dark,"themes/dark/assets/victorian-boudoir.css",94,cssVar,"var(--victorian-ivory)",accent,low,unknown
dark,"themes/dark/assets/victorian-boudoir.css",95,cssVar,"var(--victorian-antique-gold)",accent,low,unknown
dark,"themes/dark/assets/victorian-boudoir.css",99,cssVar,"var(--victorian-deep-gold)",accent,low,unknown
dark,"themes/dark/assets/victorian-boudoir.css",110,cssVar,"var(--victorian-antique-gold)",accent,low,unknown
dark,"themes/dark/assets/victorian-boudoir.css",117,cssVar,"var(--victorian-pearl)",accent,low,unknown
dark,"themes/dark/assets/victorian-boudoir.css",122,cssVar,"var(--victorian-velvet)",accent,low,unknown
dark,"themes/dark/assets/victorian-boudoir.css",122,cssVar,"var(--victorian-burgundy)",accent,low,unknown
dark,"themes/dark/assets/victorian-boudoir.css",127,cssVar,"var(--victorian-pearl)",accent,low,unknown
dark,"themes/dark/assets/victorian-boudoir.css",140,cssVar,"var(--victorian-burgundy)",accent,low,unknown
dark,"themes/dark/assets/victorian-boudoir.css",144,cssVar,"var(--victorian-burgundy)",accent,low,unknown
dark,"themes/dark/assets/victorian-boudoir.css",144,cssVar,"var(--victorian-deep-gold)",accent,low,unknown
dark,"themes/dark/assets/victorian-boudoir.css",175,cssVar,"var(--victorian-pearl)",accent,low,unknown
dark,"themes/dark/assets/victorian-boudoir.css",178,cssVar,"var(--theme-bg-primary)",accent,low,unknown
dark,"themes/dark/assets/victorian-boudoir.css",188,cssVar,"var(--victorian-pearl)",accent,low,unknown
dark,"themes/dark/assets/victorian-boudoir.css",191,cssVar,"var(--theme-bg-primary)",accent,low,unknown
dark,"themes/dark/assets/victorian-boudoir.css",198,cssVar,"var(--victorian-antique-gold)",accent,low,unknown
dark,"themes/dark/assets/victorian-boudoir.css",199,cssVar,"var(--victorian-amber)",accent,low,unknown
dark,"themes/dark/assets/victorian-boudoir.css",200,cssVar,"var(--victorian-deep-gold)",accent,low,unknown
dark,"themes/dark/assets/victorian-boudoir.css",201,cssVar,"var(--victorian-antique-gold)",accent,low,unknown
dark,"themes/dark/assets/victorian-boudoir.css",202,cssVar,"var(--victorian-deep-gold)",accent,low,unknown
dark,"themes/dark/assets/victorian-boudoir.css",230,cssVar,"var(--victorian-antique-gold)",accent,low,unknown
dark,"themes/dark/assets/victorian-boudoir.css",233,cssVar,"var(--victorian-pearl)",accent,low,unknown
dark,"themes/dark/assets/victorian-boudoir.css",233,cssVar,"var(--victorian-ivory)",accent,low,unknown
dark,"themes/dark/assets/victorian-boudoir.css",235,cssVar,"var(--victorian-deep-gold)",accent,low,unknown
dark,"themes/dark/assets/victorian-boudoir.css",244,cssVar,"var(--victorian-antique-gold)",accent,low,unknown
dark,"themes/dark/assets/victorian-boudoir.css",254,cssVar,"var(--theme-bg-tertiary)",accent,low,unknown
dark,"themes/dark/assets/victorian-boudoir.css",255,cssVar,"var(--theme-bg-tertiary)",accent,low,unknown
dark,"themes/dark/assets/victorian-boudoir.css",255,cssVar,"var(--victorian-antique-gold)",accent,low,unknown
dark,"themes/dark/assets/victorian-boudoir.css",256,cssVar,"var(--victorian-antique-gold)",accent,low,unknown
dark,"themes/dark/assets/victorian-boudoir.css",267,cssVar,"var(--victorian-antique-gold)",accent,low,unknown
dark,"themes/dark/assets/victorian-boudoir.css",267,cssVar,"var(--victorian-antique-gold)",accent,low,unknown
dark,"themes/dark/assets/victorian-boudoir.css",268,cssVar,"var(--victorian-pearl)",accent,low,unknown
dark,"themes/dark/assets/victorian-boudoir.css",268,cssVar,"var(--victorian-pearl)",accent,low,unknown
dark,"themes/dark/assets/victorian-boudoir.css",275,cssVar,"var(--victorian-antique-gold)",accent,low,unknown
dark,"themes/dark/assets/victorian-boudoir.css",275,cssVar,"var(--victorian-deep-gold)",accent,low,unknown
dark,"themes/dark/assets/victorian-boudoir.css",276,cssVar,"var(--victorian-pearl)",accent,low,unknown
dark,"themes/dark/assets/victorian-boudoir.css",278,cssVar,"var(--font-serif)",accent,low,unknown
dark,"themes/dark/assets/victorian-boudoir.css",286,cssVar,"var(--victorian-pearl)",accent,low,unknown
dark,"themes/dark/assets/victorian-boudoir.css",294,cssVar,"var(--victorian-pearl)",accent,low,unknown
dark,"themes/dark/assets/victorian-boudoir.css",300,cssVar,"var(--theme-bg-primary)",accent,low,unknown
dark,"themes/dark/assets/victorian-boudoir.css",300,cssVar,"var(--theme-bg-secondary)",accent,low,unknown
dark,"themes/dark/assets/victorian-boudoir.css",305,cssVar,"var(--theme-bg-primary)",accent,low,unknown
dark,"themes/dark/assets/victorian-boudoir.css",305,cssVar,"var(--theme-bg-secondary)",accent,low,unknown
dark,"themes/dark/assets/victorian-boudoir.css",325,cssVar,"var(--victorian-antique-gold)",accent,low,unknown
dark,"themes/dark/assets/victorian-boudoir.css",327,cssVar,"var(--victorian-deep-gold)",accent,low,unknown
dark,"themes/dark/assets/victorian-boudoir.css",335,cssVar,"var(--victorian-deep-gold)",accent,low,unknown
dark,"themes/dark/assets/victorian-boudoir.css",94,gradient,"linear-gradient(135deg, var(--victorian-pearl)",accent,low,unknown
dark,"themes/dark/assets/victorian-boudoir.css",122,gradient,"linear-gradient(135deg, var(--victorian-velvet)",accent,low,unknown
dark,"themes/dark/assets/victorian-boudoir.css",144,gradient,"linear-gradient(135deg, var(--victorian-burgundy)",accent,low,unknown
dark,"themes/dark/assets/victorian-boudoir.css",233,gradient,"linear-gradient(135deg, var(--victorian-pearl)",accent,low,unknown
dark,"themes/dark/assets/victorian-boudoir.css",275,gradient,"linear-gradient(135deg, var(--victorian-antique-gold)",accent,low,unknown
dark,"themes/dark/assets/victorian-boudoir.css",300,gradient,"linear-gradient(135deg, var(--theme-bg-primary)",accent,low,unknown
dark,"themes/dark/assets/victorian-boudoir.css",305,gradient,"linear-gradient(135deg, var(--theme-bg-primary)",accent,low,unknown
dark,"themes/dark/velvet-nocturne.css",9,hex,"#0c0c0f",accent,low,unknown
dark,"themes/dark/velvet-nocturne.css",10,hex,"#121218",accent,low,unknown
dark,"themes/dark/velvet-nocturne.css",11,hex,"#171722",accent,low,unknown
dark,"themes/dark/velvet-nocturne.css",12,hex,"#1c1c28",card-bg,medium,card
dark,"themes/dark/velvet-nocturne.css",15,hex,"#ffffff",bg,high,unknown
dark,"themes/dark/velvet-nocturne.css",16,hex,"#e9e9f1",accent,low,unknown
dark,"themes/dark/velvet-nocturne.css",17,hex,"#b9b9c8",accent,low,unknown
dark,"themes/dark/velvet-nocturne.css",18,hex,"#8b8ba3",accent,low,unknown
dark,"themes/dark/velvet-nocturne.css",21,hex,"#00e0d1",accent,low,unknown
dark,"themes/dark/velvet-nocturne.css",22,hex,"#8a2be2",accent,low,unknown
dark,"themes/dark/velvet-nocturne.css",23,hex,"#ff2a6d",btn-bg,medium,button
dark,"themes/dark/velvet-nocturne.css",24,hex,"#31d0aa",accent,low,unknown
dark,"themes/dark/velvet-nocturne.css",25,hex,"#ffb84d",accent,low,unknown
dark,"themes/dark/velvet-nocturne.css",26,hex,"#ff5577",accent,low,unknown
dark,"themes/dark/velvet-nocturne.css",29,hex,"#252536",accent,low,unknown
dark,"themes/dark/velvet-nocturne.css",30,hex,"#1a1a26",accent,low,unknown
dark,"themes/dark/velvet-nocturne.css",62,hex,"#141420",accent,low,unknown
dark,"themes/dark/velvet-nocturne.css",158,hex,"#404040",accent,low,unknown
dark,"themes/dark/velvet-nocturne.css",159,hex,"#ffffff",bg,high,unknown
dark,"themes/dark/velvet-nocturne.css",160,hex,"#e0e0e0",accent,low,unknown
dark,"themes/dark/velvet-nocturne.css",199,hex,"#0f0f15",accent,low,unknown
dark,"themes/dark/velvet-nocturne.css",305,hex,"#2a2a39",accent,low,unknown
dark,"themes/dark/velvet-nocturne.css",438,hex,"#0e0e15",accent,low,unknown
dark,"themes/dark/velvet-nocturne.css",569,hex,"#1a1a2e",accent,low,unknown
dark,"themes/dark/velvet-nocturne.css",605,hex,"#1b1b27",accent,low,unknown
dark,"themes/dark/velvet-nocturne.css",605,hex,"#13131b",accent,low,unknown
dark,"themes/dark/velvet-nocturne.css",646,hex,"#ff2a6d",accent,low,unknown
dark,"themes/dark/velvet-nocturne.css",646,hex,"#d81b5a",accent,low,unknown
dark,"themes/dark/velvet-nocturne.css",647,hex,"#ff2a6d",accent,low,unknown
dark,"themes/dark/velvet-nocturne.css",656,hex,"#ff3a7d",accent,low,unknown
dark,"themes/dark/velvet-nocturne.css",656,hex,"#e82b6a",accent,low,unknown
dark,"themes/dark/velvet-nocturne.css",688,hex,"#141420",accent,low,unknown
dark,"themes/dark/velvet-nocturne.css",710,hex,"#1a1a2e",accent,low,unknown
dark,"themes/dark/velvet-nocturne.css",784,hex,"#1c1c28",accent,low,unknown
dark,"themes/dark/velvet-nocturne.css",784,hex,"#141420",accent,low,unknown
dark,"themes/dark/velvet-nocturne.css",899,hex,"#1e1e2e",accent,low,unknown
dark,"themes/dark/velvet-nocturne.css",899,hex,"#252535",accent,low,unknown
dark,"themes/dark/velvet-nocturne.css",914,hex,"#00c4b6",accent,low,unknown
dark,"themes/dark/velvet-nocturne.css",915,hex,"#0a0a0d",accent,low,unknown
dark,"themes/dark/velvet-nocturne.css",923,hex,"#0a0a0d",accent,low,unknown
dark,"themes/dark/velvet-nocturne.css",930,hex,"#d91a5c",accent,low,unknown
dark,"themes/dark/velvet-nocturne.css",945,hex,"#9932cc",accent,low,unknown
dark,"themes/dark/velvet-nocturne.css",1198,hex,"#1c1c28",accent,low,unknown
dark,"themes/dark/velvet-nocturne.css",1198,hex,"#141420",accent,low,unknown
dark,"themes/dark/velvet-nocturne.css",1218,hex,"#1a1a26",accent,low,unknown
dark,"themes/dark/velvet-nocturne.css",1272,hex,"#181824",accent,low,unknown
dark,"themes/dark/velvet-nocturne.css",1272,hex,"#1a1a26",accent,low,unknown
dark,"themes/dark/velvet-nocturne.css",1480,hex,"#1a1a26",accent,low,unknown
dark,"themes/dark/velvet-nocturne.css",31,rgb,"rgba(0, 224, 209, .25)",accent,low,unknown
dark,"themes/dark/velvet-nocturne.css",256,rgb,"rgba(255, 255, 255, 0.06)",accent,low,unknown
dark,"themes/dark/velvet-nocturne.css",269,rgb,"rgba(255, 255, 255, 0.1)",accent,low,unknown
dark,"themes/dark/velvet-nocturne.css",270,rgb,"rgba(0, 224, 209, 0.25)",accent,low,unknown
dark,"themes/dark/velvet-nocturne.css",313,rgb,"rgba(0, 224, 209, 0.3)",accent,low,unknown
dark,"themes/dark/velvet-nocturne.css",319,rgb,"rgba(0, 224, 209, 0.5)",accent,low,unknown
dark,"themes/dark/velvet-nocturne.css",349,rgb,"rgba(0, 0, 0, 0.4)",accent,low,unknown
dark,"themes/dark/velvet-nocturne.css",426,rgb,"rgba(0, 0, 0, 0.75)",accent,low,unknown
dark,"themes/dark/velvet-nocturne.css",464,rgb,"rgba(255, 255, 255, 0.15)",accent,low,unknown
dark,"themes/dark/velvet-nocturne.css",466,rgb,"rgba(255, 255, 255, 0.3)",accent,low,unknown
dark,"themes/dark/velvet-nocturne.css",481,rgb,"rgba(255, 255, 255, 0.25)",accent,low,unknown
dark,"themes/dark/velvet-nocturne.css",482,rgb,"rgba(255, 255, 255, 0.6)",accent,low,unknown
dark,"themes/dark/velvet-nocturne.css",519,rgb,"rgba(10, 10, 14, 0.8)",accent,low,unknown
dark,"themes/dark/velvet-nocturne.css",545,rgb,"rgba(255, 255, 255, 0.05)",accent,low,unknown
dark,"themes/dark/velvet-nocturne.css",554,rgb,"rgba(0, 224, 209, 0.08)",accent,low,unknown
dark,"themes/dark/velvet-nocturne.css",584,rgb,"rgba(12, 12, 15, 0.3)",accent,low,unknown
dark,"themes/dark/velvet-nocturne.css",622,rgb,"rgba(0, 0, 0, 0.4)",accent,low,unknown
dark,"themes/dark/velvet-nocturne.css",622,rgb,"rgba(0, 224, 209, 0.15)",accent,low,unknown
dark,"themes/dark/velvet-nocturne.css",655,rgb,"rgba(255, 42, 109, 0.35)",accent,low,unknown
dark,"themes/dark/velvet-nocturne.css",655,rgb,"rgba(0, 0, 0, 0.4)",accent,low,unknown
dark,"themes/dark/velvet-nocturne.css",671,rgb,"rgba(0, 224, 209, 0.08)",accent,low,unknown
dark,"themes/dark/velvet-nocturne.css",672,rgb,"rgba(0, 224, 209, 0.25)",accent,low,unknown
dark,"themes/dark/velvet-nocturne.css",709,rgb,"rgba(0, 224, 209, 0.18)",accent,low,unknown
dark,"themes/dark/velvet-nocturne.css",906,rgb,"rgba(0, 0, 0, 0.3)",accent,low,unknown
dark,"themes/dark/velvet-nocturne.css",922,rgb,"rgba(0, 224, 209, 0.35)",accent,low,unknown
dark,"themes/dark/velvet-nocturne.css",938,rgb,"rgba(255, 42, 109, 0.35)",accent,low,unknown
dark,"themes/dark/velvet-nocturne.css",952,rgb,"rgba(138, 43, 226, 0.35)",accent,low,unknown
dark,"themes/dark/velvet-nocturne.css",1031,rgb,"rgba(0, 224, 209, 0.15)",accent,low,unknown
dark,"themes/dark/velvet-nocturne.css",1174,rgb,"rgba(0, 0, 0, 0.85)",accent,low,unknown
dark,"themes/dark/velvet-nocturne.css",1201,rgb,"rgba(0, 0, 0, 0.6)",accent,low,unknown
dark,"themes/dark/velvet-nocturne.css",1288,rgb,"rgba(255, 255, 255, 0.1)",accent,low,unknown
dark,"themes/dark/velvet-nocturne.css",1290,rgb,"rgba(255, 255, 255, 0.2)",accent,low,unknown
dark,"themes/dark/velvet-nocturne.css",1308,rgb,"rgba(255, 255, 255, 0.2)",accent,low,unknown
dark,"themes/dark/velvet-nocturne.css",1309,rgb,"rgba(255, 255, 255, 0.4)",accent,low,unknown
dark,"themes/dark/velvet-nocturne.css",1342,rgb,"rgba(0, 0, 0, 0.6)",accent,low,unknown
dark,"themes/dark/velvet-nocturne.css",1400,rgb,"rgba(0, 0, 0, 0.6)",accent,low,unknown
dark,"themes/dark/velvet-nocturne.css",1401,rgb,"rgba(255, 255, 255, 0.3)",accent,low,unknown
dark,"themes/dark/velvet-nocturne.css",1414,rgb,"rgba(0, 0, 0, 0.8)",accent,low,unknown
dark,"themes/dark/velvet-nocturne.css",1415,rgb,"rgba(255, 255, 255, 0.6)",accent,low,unknown
dark,"themes/dark/velvet-nocturne.css",1445,rgb,"rgba(0, 0, 0, 0.8)",accent,low,unknown
dark,"themes/dark/velvet-nocturne.css",1484,rgb,"rgba(0, 0, 0, 0.4)",accent,low,unknown
dark,"themes/dark/velvet-nocturne.css",62,cssVar,"var(--bg-0)",accent,low,unknown
dark,"themes/dark/velvet-nocturne.css",63,cssVar,"var(--ink-1)",accent,low,unknown
dark,"themes/dark/velvet-nocturne.css",64,cssVar,"var(--font-sans)",accent,low,unknown
dark,"themes/dark/velvet-nocturne.css",72,cssVar,"var(--ink-0)",accent,low,unknown
dark,"themes/dark/velvet-nocturne.css",74,cssVar,"var(--font-display)",accent,low,unknown
dark,"themes/dark/velvet-nocturne.css",94,cssVar,"var(--accent)",accent,low,unknown
dark,"themes/dark/velvet-nocturne.css",96,cssVar,"var(--dur-1)",accent,low,unknown
dark,"themes/dark/velvet-nocturne.css",96,cssVar,"var(--easing)",accent,low,unknown
dark,"themes/dark/velvet-nocturne.css",106,cssVar,"var(--accent)",accent,low,unknown
dark,"themes/dark/velvet-nocturne.css",113,cssVar,"var(--bg-1)",accent,low,unknown
dark,"themes/dark/velvet-nocturne.css",113,cssVar,"var(--bg-0)",accent,low,unknown
dark,"themes/dark/velvet-nocturne.css",114,cssVar,"var(--border)",accent,low,unknown
dark,"themes/dark/velvet-nocturne.css",115,cssVar,"var(--radius-lg)",accent,low,unknown
dark,"themes/dark/velvet-nocturne.css",116,cssVar,"var(--glow)",accent,low,unknown
dark,"themes/dark/velvet-nocturne.css",117,cssVar,"var(--space-5)",accent,low,unknown
dark,"themes/dark/velvet-nocturne.css",118,cssVar,"var(--space-4)",accent,low,unknown
dark,"themes/dark/velvet-nocturne.css",122,cssVar,"var(--panel)",accent,low,unknown
dark,"themes/dark/velvet-nocturne.css",123,cssVar,"var(--border)",accent,low,unknown
dark,"themes/dark/velvet-nocturne.css",124,cssVar,"var(--radius)",accent,low,unknown
dark,"themes/dark/velvet-nocturne.css",125,cssVar,"var(--space-4)",accent,low,unknown
dark,"themes/dark/velvet-nocturne.css",126,cssVar,"var(--dur-2)",accent,low,unknown
dark,"themes/dark/velvet-nocturne.css",126,cssVar,"var(--easing)",accent,low,unknown
dark,"themes/dark/velvet-nocturne.css",130,cssVar,"var(--accent)",accent,low,unknown
dark,"themes/dark/velvet-nocturne.css",131,cssVar,"var(--glow)",accent,low,unknown
dark,"themes/dark/velvet-nocturne.css",137,cssVar,"var(--border)",accent,low,unknown
dark,"themes/dark/velvet-nocturne.css",139,cssVar,"var(--space-4)",accent,low,unknown
dark,"themes/dark/velvet-nocturne.css",197,cssVar,"var(--radius-lg)",accent,low,unknown
dark,"themes/dark/velvet-nocturne.css",198,cssVar,"var(--border)",accent,low,unknown
dark,"themes/dark/velvet-nocturne.css",200,cssVar,"var(--glow)",accent,low,unknown
dark,"themes/dark/velvet-nocturne.css",201,cssVar,"var(--space-3)",accent,low,unknown
dark,"themes/dark/velvet-nocturne.css",202,cssVar,"var(--space-4)",accent,low,unknown
dark,"themes/dark/velvet-nocturne.css",205,cssVar,"var(--space-3)",accent,low,unknown
dark,"themes/dark/velvet-nocturne.css",215,cssVar,"var(--easing)",accent,low,unknown
dark,"themes/dark/velvet-nocturne.css",236,cssVar,"var(--radius)",accent,low,unknown
dark,"themes/dark/velvet-nocturne.css",237,cssVar,"var(--dur-2)",accent,low,unknown
dark,"themes/dark/velvet-nocturne.css",237,cssVar,"var(--easing)",accent,low,unknown
dark,"themes/dark/velvet-nocturne.css",257,cssVar,"var(--border)",accent,low,unknown
dark,"themes/dark/velvet-nocturne.css",258,cssVar,"var(--ink-0)",accent,low,unknown
dark,"themes/dark/velvet-nocturne.css",262,cssVar,"var(--dur-2)",accent,low,unknown
dark,"themes/dark/velvet-nocturne.css",262,cssVar,"var(--easing)",accent,low,unknown
dark,"themes/dark/velvet-nocturne.css",275,cssVar,"var(--accent)",accent,low,unknown
dark,"themes/dark/velvet-nocturne.css",306,cssVar,"var(--border)",accent,low,unknown
dark,"themes/dark/velvet-nocturne.css",308,cssVar,"var(--dur-2)",accent,low,unknown
dark,"themes/dark/velvet-nocturne.css",308,cssVar,"var(--easing)",accent,low,unknown
dark,"themes/dark/velvet-nocturne.css",318,cssVar,"var(--accent)",accent,low,unknown
dark,"themes/dark/velvet-nocturne.css",325,cssVar,"var(--panel)",accent,low,unknown
dark,"themes/dark/velvet-nocturne.css",326,cssVar,"var(--border)",accent,low,unknown
dark,"themes/dark/velvet-nocturne.css",327,cssVar,"var(--radius)",accent,low,unknown
dark,"themes/dark/velvet-nocturne.css",329,cssVar,"var(--dur-3)",accent,low,unknown
dark,"themes/dark/velvet-nocturne.css",329,cssVar,"var(--easing)",accent,low,unknown
dark,"themes/dark/velvet-nocturne.css",340,cssVar,"var(--accent)",accent,low,unknown
dark,"themes/dark/velvet-nocturne.css",340,cssVar,"var(--accent-2)",accent,low,unknown
dark,"themes/dark/velvet-nocturne.css",341,cssVar,"var(--radius)",accent,low,unknown
dark,"themes/dark/velvet-nocturne.css",344,cssVar,"var(--dur-2)",accent,low,unknown
dark,"themes/dark/velvet-nocturne.css",344,cssVar,"var(--easing)",accent,low,unknown
dark,"themes/dark/velvet-nocturne.css",349,cssVar,"var(--glow)",accent,low,unknown
dark,"themes/dark/velvet-nocturne.css",360,cssVar,"var(--space-3)",accent,low,unknown
dark,"themes/dark/velvet-nocturne.css",367,cssVar,"var(--space-3)",accent,low,unknown
dark,"themes/dark/velvet-nocturne.css",380,cssVar,"var(--space-3)",accent,low,unknown
dark,"themes/dark/velvet-nocturne.css",381,cssVar,"var(--space-2)",accent,low,unknown
dark,"themes/dark/velvet-nocturne.css",405,cssVar,"var(--space-2)",accent,low,unknown
dark,"themes/dark/velvet-nocturne.css",406,cssVar,"var(--space-2)",accent,low,unknown
dark,"themes/dark/velvet-nocturne.css",432,cssVar,"var(--space-4)",accent,low,unknown
dark,"themes/dark/velvet-nocturne.css",439,cssVar,"var(--border)",accent,low,unknown
dark,"themes/dark/velvet-nocturne.css",440,cssVar,"var(--radius-lg)",accent,low,unknown
dark,"themes/dark/velvet-nocturne.css",441,cssVar,"var(--glow)",accent,low,unknown
dark,"themes/dark/velvet-nocturne.css",451,cssVar,"var(--radius)",accent,low,unknown
dark,"themes/dark/velvet-nocturne.css",473,cssVar,"var(--dur-2)",accent,low,unknown
dark,"themes/dark/velvet-nocturne.css",473,cssVar,"var(--easing)",accent,low,unknown
dark,"themes/dark/velvet-nocturne.css",490,cssVar,"var(--accent)",accent,low,unknown
dark,"themes/dark/velvet-nocturne.css",490,cssVar,"var(--accent-2)",accent,low,unknown
dark,"themes/dark/velvet-nocturne.css",492,cssVar,"var(--radius)",accent,low,unknown
dark,"themes/dark/velvet-nocturne.css",493,cssVar,"var(--space-3)",accent,low,unknown
dark,"themes/dark/velvet-nocturne.css",494,cssVar,"var(--glow)",accent,low,unknown
dark,"themes/dark/velvet-nocturne.css",496,cssVar,"var(--space-3)",accent,low,unknown
dark,"themes/dark/velvet-nocturne.css",497,cssVar,"var(--space-3)",accent,low,unknown
dark,"themes/dark/velvet-nocturne.css",498,cssVar,"var(--space-3)",accent,low,unknown
dark,"themes/dark/velvet-nocturne.css",521,cssVar,"var(--border)",accent,low,unknown
dark,"themes/dark/velvet-nocturne.css",525,cssVar,"var(--dur-2)",accent,low,unknown
dark,"themes/dark/velvet-nocturne.css",525,cssVar,"var(--easing)",accent,low,unknown
dark,"themes/dark/velvet-nocturne.css",531,cssVar,"var(--ink-1)",accent,low,unknown
dark,"themes/dark/velvet-nocturne.css",533,cssVar,"var(--radius-xs)",accent,low,unknown
dark,"themes/dark/velvet-nocturne.css",535,cssVar,"var(--dur-2)",accent,low,unknown
dark,"themes/dark/velvet-nocturne.css",535,cssVar,"var(--easing)",accent,low,unknown
dark,"themes/dark/velvet-nocturne.css",544,cssVar,"var(--ink-0)",accent,low,unknown
dark,"themes/dark/velvet-nocturne.css",552,cssVar,"var(--ink-0)",accent,low,unknown
dark,"themes/dark/velvet-nocturne.css",553,cssVar,"var(--accent)",accent,low,unknown
dark,"themes/dark/velvet-nocturne.css",560,cssVar,"var(--accent)",accent,low,unknown
dark,"themes/dark/velvet-nocturne.css",569,cssVar,"var(--bg-0)",accent,low,unknown
dark,"themes/dark/velvet-nocturne.css",570,cssVar,"var(--border-soft)",accent,low,unknown
dark,"themes/dark/velvet-nocturne.css",603,cssVar,"var(--radius)",accent,low,unknown
dark,"themes/dark/velvet-nocturne.css",604,cssVar,"var(--border)",accent,low,unknown
dark,"themes/dark/velvet-nocturne.css",606,cssVar,"var(--ink-0)",accent,low,unknown
dark,"themes/dark/velvet-nocturne.css",612,cssVar,"var(--dur-1)",accent,low,unknown
dark,"themes/dark/velvet-nocturne.css",612,cssVar,"var(--easing)",accent,low,unknown
dark,"themes/dark/velvet-nocturne.css",623,cssVar,"var(--accent)",accent,low,unknown
dark,"themes/dark/velvet-nocturne.css",630,cssVar,"var(--accent)",accent,low,unknown
dark,"themes/dark/velvet-nocturne.css",639,cssVar,"var(--dur-1)",accent,low,unknown
dark,"themes/dark/velvet-nocturne.css",665,cssVar,"var(--accent)",accent,low,unknown
dark,"themes/dark/velvet-nocturne.css",666,cssVar,"var(--accent)",accent,low,unknown
dark,"themes/dark/velvet-nocturne.css",673,cssVar,"var(--accent)",accent,low,unknown
dark,"themes/dark/velvet-nocturne.css",689,cssVar,"var(--ink-0)",accent,low,unknown
dark,"themes/dark/velvet-nocturne.css",690,cssVar,"var(--border)",accent,low,unknown
dark,"themes/dark/velvet-nocturne.css",691,cssVar,"var(--radius)",accent,low,unknown
dark,"themes/dark/velvet-nocturne.css",699,cssVar,"var(--dur-2)",accent,low,unknown
dark,"themes/dark/velvet-nocturne.css",699,cssVar,"var(--easing)",accent,low,unknown
dark,"themes/dark/velvet-nocturne.css",708,cssVar,"var(--accent)",accent,low,unknown
dark,"themes/dark/velvet-nocturne.css",716,cssVar,"var(--muted)",accent,low,unknown
dark,"themes/dark/velvet-nocturne.css",723,cssVar,"var(--ink-1)",accent,low,unknown
dark,"themes/dark/velvet-nocturne.css",733,cssVar,"var(--muted)",accent,low,unknown
dark,"themes/dark/velvet-nocturne.css",755,cssVar,"var(--accent)",accent,low,unknown
dark,"themes/dark/velvet-nocturne.css",760,cssVar,"var(--space-4)",accent,low,unknown
dark,"themes/dark/velvet-nocturne.css",765,cssVar,"var(--space-3)",accent,low,unknown
dark,"themes/dark/velvet-nocturne.css",785,cssVar,"var(--border)",accent,low,unknown
dark,"themes/dark/velvet-nocturne.css",786,cssVar,"var(--radius-lg)",accent,low,unknown
dark,"themes/dark/velvet-nocturne.css",787,cssVar,"var(--space-5)",accent,low,unknown
dark,"themes/dark/velvet-nocturne.css",790,cssVar,"var(--dur-3)",accent,low,unknown
dark,"themes/dark/velvet-nocturne.css",790,cssVar,"var(--easing)",accent,low,unknown
dark,"themes/dark/velvet-nocturne.css",803,cssVar,"var(--accent)",accent,low,unknown
dark,"themes/dark/velvet-nocturne.css",803,cssVar,"var(--accent-2)",accent,low,unknown
dark,"themes/dark/velvet-nocturne.css",810,cssVar,"var(--accent)",accent,low,unknown
dark,"themes/dark/velvet-nocturne.css",811,cssVar,"var(--glow)",accent,low,unknown
dark,"themes/dark/velvet-nocturne.css",818,cssVar,"var(--ink-0)",accent,low,unknown
dark,"themes/dark/velvet-nocturne.css",819,cssVar,"var(--font-display)",accent,low,unknown
dark,"themes/dark/velvet-nocturne.css",822,cssVar,"var(--space-3)",accent,low,unknown
dark,"themes/dark/velvet-nocturne.css",829,cssVar,"var(--accent)",accent,low,unknown
dark,"themes/dark/velvet-nocturne.css",830,cssVar,"var(--font-display)",accent,low,unknown
dark,"themes/dark/velvet-nocturne.css",834,cssVar,"var(--space-4)",accent,low,unknown
dark,"themes/dark/velvet-nocturne.css",839,cssVar,"var(--ink-2)",accent,low,unknown
dark,"themes/dark/velvet-nocturne.css",849,cssVar,"var(--space-4)",accent,low,unknown
dark,"themes/dark/velvet-nocturne.css",854,cssVar,"var(--ink-1)",accent,low,unknown
dark,"themes/dark/velvet-nocturne.css",856,cssVar,"var(--border-soft)",accent,low,unknown
dark,"themes/dark/velvet-nocturne.css",872,cssVar,"var(--success)",accent,low,unknown
dark,"themes/dark/velvet-nocturne.css",887,cssVar,"var(--radius)",accent,low,unknown
dark,"themes/dark/velvet-nocturne.css",892,cssVar,"var(--dur-2)",accent,low,unknown
dark,"themes/dark/velvet-nocturne.css",892,cssVar,"var(--easing)",accent,low,unknown
dark,"themes/dark/velvet-nocturne.css",900,cssVar,"var(--ink-1)",accent,low,unknown
dark,"themes/dark/velvet-nocturne.css",901,cssVar,"var(--border)",accent,low,unknown
dark,"themes/dark/velvet-nocturne.css",907,cssVar,"var(--ink-0)",accent,low,unknown
dark,"themes/dark/velvet-nocturne.css",914,cssVar,"var(--accent)",accent,low,unknown
dark,"themes/dark/velvet-nocturne.css",916,cssVar,"var(--accent)",accent,low,unknown
dark,"themes/dark/velvet-nocturne.css",930,cssVar,"var(--cta)",accent,low,unknown
dark,"themes/dark/velvet-nocturne.css",932,cssVar,"var(--cta)",accent,low,unknown
dark,"themes/dark/velvet-nocturne.css",945,cssVar,"var(--accent-2)",accent,low,unknown
dark,"themes/dark/velvet-nocturne.css",947,cssVar,"var(--accent-2)",accent,low,unknown
dark,"themes/dark/velvet-nocturne.css",975,cssVar,"var(--bg-1)",accent,low,unknown
dark,"themes/dark/velvet-nocturne.css",975,cssVar,"var(--bg-0)",accent,low,unknown
dark,"themes/dark/velvet-nocturne.css",976,cssVar,"var(--border)",accent,low,unknown
dark,"themes/dark/velvet-nocturne.css",977,cssVar,"var(--radius-lg)",accent,low,unknown
dark,"themes/dark/velvet-nocturne.css",978,cssVar,"var(--glow)",accent,low,unknown
dark,"themes/dark/velvet-nocturne.css",979,cssVar,"var(--space-5)",accent,low,unknown
dark,"themes/dark/velvet-nocturne.css",980,cssVar,"var(--space-5)",accent,low,unknown
dark,"themes/dark/velvet-nocturne.css",986,cssVar,"var(--space-4)",accent,low,unknown
dark,"themes/dark/velvet-nocturne.css",987,cssVar,"var(--space-3)",accent,low,unknown
dark,"themes/dark/velvet-nocturne.css",988,cssVar,"var(--border)",accent,low,unknown
dark,"themes/dark/velvet-nocturne.css",993,cssVar,"var(--ink-0)",accent,low,unknown
dark,"themes/dark/velvet-nocturne.css",994,cssVar,"var(--font-display)",accent,low,unknown
dark,"themes/dark/velvet-nocturne.css",997,cssVar,"var(--space-2)",accent,low,unknown
dark,"themes/dark/velvet-nocturne.css",1003,cssVar,"var(--ink-2)",accent,low,unknown
dark,"themes/dark/velvet-nocturne.css",1014,cssVar,"var(--space-4)",accent,low,unknown
dark,"themes/dark/velvet-nocturne.css",1015,cssVar,"var(--space-5)",accent,low,unknown
dark,"themes/dark/velvet-nocturne.css",1020,cssVar,"var(--panel)",accent,low,unknown
dark,"themes/dark/velvet-nocturne.css",1021,cssVar,"var(--border)",accent,low,unknown
dark,"themes/dark/velvet-nocturne.css",1022,cssVar,"var(--radius)",accent,low,unknown
dark,"themes/dark/velvet-nocturne.css",1023,cssVar,"var(--space-3)",accent,low,unknown
dark,"themes/dark/velvet-nocturne.css",1025,cssVar,"var(--dur-2)",accent,low,unknown
dark,"themes/dark/velvet-nocturne.css",1025,cssVar,"var(--easing)",accent,low,unknown
dark,"themes/dark/velvet-nocturne.css",1030,cssVar,"var(--accent)",accent,low,unknown
dark,"themes/dark/velvet-nocturne.css",1037,cssVar,"var(--muted)",accent,low,unknown
dark,"themes/dark/velvet-nocturne.css",1047,cssVar,"var(--ink-0)",accent,low,unknown
dark,"themes/dark/velvet-nocturne.css",1048,cssVar,"var(--font-display)",accent,low,unknown
dark,"themes/dark/velvet-nocturne.css",1055,cssVar,"var(--ink-0)",accent,low,unknown
dark,"themes/dark/velvet-nocturne.css",1056,cssVar,"var(--font-display)",accent,low,unknown
dark,"themes/dark/velvet-nocturne.css",1079,cssVar,"var(--panel)",accent,low,unknown
dark,"themes/dark/velvet-nocturne.css",1080,cssVar,"var(--border)",accent,low,unknown
dark,"themes/dark/velvet-nocturne.css",1081,cssVar,"var(--radius-lg)",accent,low,unknown
dark,"themes/dark/velvet-nocturne.css",1082,cssVar,"var(--space-4)",accent,low,unknown
dark,"themes/dark/velvet-nocturne.css",1083,cssVar,"var(--dur-3)",accent,low,unknown
dark,"themes/dark/velvet-nocturne.css",1083,cssVar,"var(--easing)",accent,low,unknown
dark,"themes/dark/velvet-nocturne.css",1095,cssVar,"var(--accent-2)",accent,low,unknown
dark,"themes/dark/velvet-nocturne.css",1095,cssVar,"var(--cta)",accent,low,unknown
dark,"themes/dark/velvet-nocturne.css",1097,cssVar,"var(--dur-2)",accent,low,unknown
dark,"themes/dark/velvet-nocturne.css",1097,cssVar,"var(--easing)",accent,low,unknown
dark,"themes/dark/velvet-nocturne.css",1102,cssVar,"var(--accent)",accent,low,unknown
dark,"themes/dark/velvet-nocturne.css",1103,cssVar,"var(--glow)",accent,low,unknown
dark,"themes/dark/velvet-nocturne.css",1114,cssVar,"var(--ink-0)",accent,low,unknown
dark,"themes/dark/velvet-nocturne.css",1115,cssVar,"var(--font-display)",accent,low,unknown
dark,"themes/dark/velvet-nocturne.css",1118,cssVar,"var(--space-2)",accent,low,unknown
dark,"themes/dark/velvet-nocturne.css",1123,cssVar,"var(--ink-1)",accent,low,unknown
dark,"themes/dark/velvet-nocturne.css",1125,cssVar,"var(--space-3)",accent,low,unknown
dark,"themes/dark/velvet-nocturne.css",1130,cssVar,"var(--accent)",accent,low,unknown
dark,"themes/dark/velvet-nocturne.css",1131,cssVar,"var(--font-display)",accent,low,unknown
dark,"themes/dark/velvet-nocturne.css",1141,cssVar,"var(--space-4)",accent,low,unknown
dark,"themes/dark/velvet-nocturne.css",1147,cssVar,"var(--space-3)",accent,low,unknown
dark,"themes/dark/velvet-nocturne.css",1157,cssVar,"var(--space-4)",accent,low,unknown
dark,"themes/dark/velvet-nocturne.css",1158,cssVar,"var(--space-3)",accent,low,unknown
dark,"themes/dark/velvet-nocturne.css",1180,cssVar,"var(--space-4)",accent,low,unknown
dark,"themes/dark/velvet-nocturne.css",1183,cssVar,"var(--dur-3)",accent,low,unknown
dark,"themes/dark/velvet-nocturne.css",1183,cssVar,"var(--easing)",accent,low,unknown
dark,"themes/dark/velvet-nocturne.css",1199,cssVar,"var(--border)",accent,low,unknown
dark,"themes/dark/velvet-nocturne.css",1200,cssVar,"var(--radius-xl)",accent,low,unknown
dark,"themes/dark/velvet-nocturne.css",1201,cssVar,"var(--glow)",accent,low,unknown
dark,"themes/dark/velvet-nocturne.css",1206,cssVar,"var(--dur-3)",accent,low,unknown
dark,"themes/dark/velvet-nocturne.css",1206,cssVar,"var(--easing)",accent,low,unknown
dark,"themes/dark/velvet-nocturne.css",1218,cssVar,"var(--panel)",accent,low,unknown
dark,"themes/dark/velvet-nocturne.css",1219,cssVar,"var(--border)",accent,low,unknown
dark,"themes/dark/velvet-nocturne.css",1220,cssVar,"var(--space-4)",accent,low,unknown
dark,"themes/dark/velvet-nocturne.css",1228,cssVar,"var(--ink-0)",accent,low,unknown
dark,"themes/dark/velvet-nocturne.css",1229,cssVar,"var(--font-display)",accent,low,unknown
dark,"themes/dark/velvet-nocturne.css",1239,cssVar,"var(--space-5)",accent,low,unknown
dark,"themes/dark/velvet-nocturne.css",1240,cssVar,"var(--ink-1)",accent,low,unknown
dark,"themes/dark/velvet-nocturne.css",1253,cssVar,"var(--bg-2)",accent,low,unknown
dark,"themes/dark/velvet-nocturne.css",1259,cssVar,"var(--accent)",accent,low,unknown
dark,"themes/dark/velvet-nocturne.css",1273,cssVar,"var(--border)",accent,low,unknown
dark,"themes/dark/velvet-nocturne.css",1274,cssVar,"var(--space-4)",accent,low,unknown
dark,"themes/dark/velvet-nocturne.css",1276,cssVar,"var(--space-3)",accent,low,unknown
dark,"themes/dark/velvet-nocturne.css",1289,cssVar,"var(--ink-0)",accent,low,unknown
dark,"themes/dark/velvet-nocturne.css",1297,cssVar,"var(--dur-2)",accent,low,unknown
dark,"themes/dark/velvet-nocturne.css",1297,cssVar,"var(--easing)",accent,low,unknown
dark,"themes/dark/velvet-nocturne.css",1311,cssVar,"var(--ink-0)",accent,low,unknown
dark,"themes/dark/velvet-nocturne.css",1318,cssVar,"var(--accent)",accent,low,unknown
dark,"themes/dark/velvet-nocturne.css",1341,cssVar,"var(--radius-lg)",accent,low,unknown
dark,"themes/dark/velvet-nocturne.css",1342,cssVar,"var(--glow)",accent,low,unknown
dark,"themes/dark/velvet-nocturne.css",1355,cssVar,"var(--space-6)",accent,low,unknown
dark,"themes/dark/velvet-nocturne.css",1360,cssVar,"var(--space-3)",accent,low,unknown
dark,"themes/dark/velvet-nocturne.css",1364,cssVar,"var(--warn)",accent,low,unknown
dark,"themes/dark/velvet-nocturne.css",1368,cssVar,"var(--error)",accent,low,unknown
dark,"themes/dark/velvet-nocturne.css",1372,cssVar,"var(--success)",accent,low,unknown
dark,"themes/dark/velvet-nocturne.css",1376,cssVar,"var(--accent)",accent,low,unknown
dark,"themes/dark/velvet-nocturne.css",1407,cssVar,"var(--dur-2)",accent,low,unknown
dark,"themes/dark/velvet-nocturne.css",1407,cssVar,"var(--easing)",accent,low,unknown
dark,"themes/dark/velvet-nocturne.css",1421,cssVar,"var(--accent)",accent,low,unknown
dark,"themes/dark/velvet-nocturne.css",1447,cssVar,"var(--radius)",accent,low,unknown
dark,"themes/dark/velvet-nocturne.css",1448,cssVar,"var(--space-3)",accent,low,unknown
dark,"themes/dark/velvet-nocturne.css",1454,cssVar,"var(--ink-0)",accent,low,unknown
dark,"themes/dark/velvet-nocturne.css",1455,cssVar,"var(--font-display)",accent,low,unknown
dark,"themes/dark/velvet-nocturne.css",1462,cssVar,"var(--ink-2)",accent,low,unknown
dark,"themes/dark/velvet-nocturne.css",1476,cssVar,"var(--space-2)",accent,low,unknown
dark,"themes/dark/velvet-nocturne.css",1480,cssVar,"var(--panel)",accent,low,unknown
dark,"themes/dark/velvet-nocturne.css",1481,cssVar,"var(--border)",accent,low,unknown
dark,"themes/dark/velvet-nocturne.css",1482,cssVar,"var(--radius)",accent,low,unknown
dark,"themes/dark/velvet-nocturne.css",1483,cssVar,"var(--space-3)",accent,low,unknown
dark,"themes/dark/velvet-nocturne.css",1483,cssVar,"var(--space-4)",accent,low,unknown
dark,"themes/dark/velvet-nocturne.css",1484,cssVar,"var(--glow)",accent,low,unknown
dark,"themes/dark/velvet-nocturne.css",1489,cssVar,"var(--dur-3)",accent,low,unknown
dark,"themes/dark/velvet-nocturne.css",1489,cssVar,"var(--easing)",accent,low,unknown
dark,"themes/dark/velvet-nocturne.css",1498,cssVar,"var(--success)",accent,low,unknown
dark,"themes/dark/velvet-nocturne.css",1502,cssVar,"var(--error)",accent,low,unknown
dark,"themes/dark/velvet-nocturne.css",1506,cssVar,"var(--warn)",accent,low,unknown
dark,"themes/dark/velvet-nocturne.css",1510,cssVar,"var(--accent)",accent,low,unknown
dark,"themes/dark/velvet-nocturne.css",1521,cssVar,"var(--ink-0)",accent,low,unknown
dark,"themes/dark/velvet-nocturne.css",1530,cssVar,"var(--ink-2)",accent,low,unknown
dark,"themes/dark/velvet-nocturne.css",1539,cssVar,"var(--dur-1)",accent,low,unknown
dark,"themes/dark/velvet-nocturne.css",1539,cssVar,"var(--easing)",accent,low,unknown
dark,"themes/dark/velvet-nocturne.css",1543,cssVar,"var(--ink-0)",accent,low,unknown
dark,"themes/dark/velvet-nocturne.css",1547,cssVar,"var(--ink-1)",accent,low,unknown
dark,"themes/dark/velvet-nocturne.css",1560,cssVar,"var(--space-2)",accent,low,unknown
dark,"themes/dark/velvet-nocturne.css",1591,cssVar,"var(--space-2)",accent,low,unknown
dark,"themes/dark/velvet-nocturne.css",113,gradient,"linear-gradient(180deg, var(--bg-1)",accent,low,unknown
dark,"themes/dark/velvet-nocturne.css",340,gradient,"linear-gradient(135deg, var(--accent)",accent,low,unknown
dark,"themes/dark/velvet-nocturne.css",490,gradient,"linear-gradient(135deg, var(--accent)",accent,low,unknown
dark,"themes/dark/velvet-nocturne.css",584,gradient,"linear-gradient(180deg, transparent 0%, rgba(12, 12, 15, 0.3)",accent,low,unknown
dark,"themes/dark/velvet-nocturne.css",605,gradient,"linear-gradient(180deg, #1b1b27, #13131b)",accent,low,unknown
dark,"themes/dark/velvet-nocturne.css",646,gradient,"linear-gradient(180deg, #ff2a6d, #d81b5a)",accent,low,unknown
dark,"themes/dark/velvet-nocturne.css",656,gradient,"linear-gradient(180deg, #ff3a7d, #e82b6a)",accent,low,unknown
dark,"themes/dark/velvet-nocturne.css",784,gradient,"linear-gradient(145deg, #1c1c28 0%, #141420 100%)",accent,low,unknown
dark,"themes/dark/velvet-nocturne.css",803,gradient,"linear-gradient(90deg, var(--accent)",accent,low,unknown
dark,"themes/dark/velvet-nocturne.css",899,gradient,"linear-gradient(135deg, #1e1e2e, #252535)",accent,low,unknown
dark,"themes/dark/velvet-nocturne.css",914,gradient,"linear-gradient(135deg, var(--accent)",accent,low,unknown
dark,"themes/dark/velvet-nocturne.css",930,gradient,"linear-gradient(135deg, var(--cta)",accent,low,unknown
dark,"themes/dark/velvet-nocturne.css",945,gradient,"linear-gradient(135deg, var(--accent-2)",accent,low,unknown
dark,"themes/dark/velvet-nocturne.css",975,gradient,"linear-gradient(180deg, var(--bg-1)",accent,low,unknown
dark,"themes/dark/velvet-nocturne.css",1095,gradient,"linear-gradient(90deg, var(--accent-2)",accent,low,unknown
dark,"themes/dark/velvet-nocturne.css",1198,gradient,"linear-gradient(145deg, #1c1c28 0%, #141420 100%)",accent,low,unknown
dark,"themes/dark/velvet-nocturne.css",1218,gradient,"linear-gradient(135deg, var(--panel)",accent,low,unknown
dark,"themes/dark/velvet-nocturne.css",1272,gradient,"linear-gradient(135deg, #181824, #1a1a26)",accent,low,unknown
dark,"themes/dark/velvet-nocturne.css",1480,gradient,"linear-gradient(135deg, var(--panel)",accent,low,unknown
rose,"themes/rose/assets/rose-enhancements.css",6,hex,"#991b1b",accent,low,unknown
rose,"themes/rose/assets/rose-enhancements.css",7,hex,"#dc2626",danger,high,unknown
rose,"themes/rose/assets/rose-enhancements.css",8,hex,"#e11d48",accent,low,unknown
rose,"themes/rose/assets/rose-enhancements.css",9,hex,"#fda4af",accent,low,unknown
rose,"themes/rose/assets/rose-enhancements.css",10,hex,"#fecaca",accent,low,unknown
rose,"themes/rose/assets/rose-enhancements.css",11,hex,"#fef2f2",accent,low,unknown
rose,"themes/rose/assets/rose-enhancements.css",12,hex,"#d4af37",accent,low,unknown
rose,"themes/rose/assets/rose-enhancements.css",13,hex,"#7f1d1d",accent,low,unknown
rose,"themes/rose/assets/rose-enhancements.css",14,hex,"#991b1b",accent,low,unknown
rose,"themes/rose/assets/rose-enhancements.css",15,hex,"#ffffff",bg,high,unknown
rose,"themes/rose/assets/rose-enhancements.css",33,hex,"#ffffff",bg,high,unknown
rose,"themes/rose/assets/rose-enhancements.css",83,hex,"#ff69b4",accent,low,unknown
rose,"themes/rose/assets/rose-enhancements.css",84,hex,"#8b4513",accent,low,unknown
rose,"themes/rose/assets/rose-enhancements.css",278,hex,"#ff69b4",accent,low,unknown
rose,"themes/rose/assets/rose-enhancements.css",31,rgb,"rgba(255,255,255,0.9)",accent,low,unknown
rose,"themes/rose/assets/rose-enhancements.css",31,rgb,"rgba(255,255,255,0.0)",accent,low,unknown
rose,"themes/rose/assets/rose-enhancements.css",35,rgb,"rgba(0,0,0,0.12)",accent,low,unknown
rose,"themes/rose/assets/rose-enhancements.css",36,rgb,"rgba(255,255,255,0.4)",accent,low,unknown
rose,"themes/rose/assets/rose-enhancements.css",57,rgb,"rgba(0,0,0,0.15)",accent,low,unknown
rose,"themes/rose/assets/rose-enhancements.css",88,rgb,"rgba(0,0,0,0.2)",accent,low,unknown
rose,"themes/rose/assets/rose-enhancements.css",200,rgb,"rgba(225, 29, 72, 0.15)",accent,low,unknown
rose,"themes/rose/assets/rose-enhancements.css",319,rgb,"rgba(225, 29, 72, 0.12)",accent,low,unknown
rose,"themes/rose/assets/rose-enhancements.css",319,rgb,"rgba(225, 29, 72, 0.08)",accent,low,unknown
rose,"themes/rose/assets/rose-enhancements.css",347,rgb,"rgba(225, 29, 72, 0.2)",accent,low,unknown
rose,"themes/rose/assets/rose-enhancements.css",347,rgb,"rgba(225, 29, 72, 0.15)",accent,low,unknown
rose,"themes/rose/assets/rose-enhancements.css",32,cssVar,"var(--theme-accent)",accent,low,unknown
rose,"themes/rose/assets/rose-enhancements.css",33,cssVar,"var(--theme-accent)",accent,low,unknown
rose,"themes/rose/assets/rose-enhancements.css",33,cssVar,"var(--theme-accent)",accent,low,unknown
rose,"themes/rose/assets/rose-enhancements.css",37,cssVar,"var(--theme-accent)",accent,low,unknown
rose,"themes/rose/assets/rose-enhancements.css",82,cssVar,"var(--rose-accent)",accent,low,unknown
rose,"themes/rose/assets/rose-enhancements.css",83,cssVar,"var(--rose-accent)",accent,low,unknown
rose,"themes/rose/assets/rose-enhancements.css",84,cssVar,"var(--rose-accent)",accent,low,unknown
rose,"themes/rose/assets/rose-enhancements.css",97,cssVar,"var(--rose-accent)",accent,low,unknown
rose,"themes/rose/assets/rose-enhancements.css",98,cssVar,"var(--rose-accent)",accent,low,unknown
rose,"themes/rose/assets/rose-enhancements.css",111,cssVar,"var(--rose-accent)",accent,low,unknown
rose,"themes/rose/assets/rose-enhancements.css",112,cssVar,"var(--rose-accent)",accent,low,unknown
rose,"themes/rose/assets/rose-enhancements.css",137,cssVar,"var(--theme-accent)",accent,low,unknown
rose,"themes/rose/assets/rose-enhancements.css",142,cssVar,"var(--theme-accent)",accent,low,unknown
rose,"themes/rose/assets/rose-enhancements.css",192,cssVar,"var(--rose-white)",accent,low,unknown
rose,"themes/rose/assets/rose-enhancements.css",192,cssVar,"var(--rose-white)",accent,low,unknown
rose,"themes/rose/assets/rose-enhancements.css",194,cssVar,"var(--rose-accent)",accent,low,unknown
rose,"themes/rose/assets/rose-enhancements.css",195,cssVar,"var(--rose-gold)",accent,low,unknown
rose,"themes/rose/assets/rose-enhancements.css",196,cssVar,"var(--rose-accent)",accent,low,unknown
rose,"themes/rose/assets/rose-enhancements.css",197,cssVar,"var(--rose-primary)",accent,low,unknown
rose,"themes/rose/assets/rose-enhancements.css",198,cssVar,"var(--rose-accent)",accent,low,unknown
rose,"themes/rose/assets/rose-enhancements.css",209,cssVar,"var(--theme-bg-primary)",accent,low,unknown
rose,"themes/rose/assets/rose-enhancements.css",230,cssVar,"var(--theme-accent)",accent,low,unknown
rose,"themes/rose/assets/rose-enhancements.css",231,cssVar,"var(--theme-accent)",accent,low,unknown
rose,"themes/rose/assets/rose-enhancements.css",232,cssVar,"var(--theme-accent)",accent,low,unknown
rose,"themes/rose/assets/rose-enhancements.css",238,cssVar,"var(--theme-bg-primary)",accent,low,unknown
rose,"themes/rose/assets/rose-enhancements.css",243,cssVar,"var(--theme-text-primary)",nav-bg,medium,header
rose,"themes/rose/assets/rose-enhancements.css",255,cssVar,"var(--rose-blush)",accent,low,unknown
rose,"themes/rose/assets/rose-enhancements.css",255,cssVar,"var(--rose-pale)",accent,low,unknown
rose,"themes/rose/assets/rose-enhancements.css",257,cssVar,"var(--rose-accent)",accent,low,unknown
rose,"themes/rose/assets/rose-enhancements.css",258,cssVar,"var(--rose-primary)",accent,low,unknown
rose,"themes/rose/assets/rose-enhancements.css",259,cssVar,"var(--rose-gold)",accent,low,unknown
rose,"themes/rose/assets/rose-enhancements.css",260,cssVar,"var(--rose-accent)",accent,low,unknown
rose,"themes/rose/assets/rose-enhancements.css",277,cssVar,"var(--theme-accent)",accent,low,unknown
rose,"themes/rose/assets/rose-enhancements.css",278,cssVar,"var(--theme-accent)",accent,low,unknown
rose,"themes/rose/assets/rose-enhancements.css",279,cssVar,"var(--theme-accent)",accent,low,unknown
rose,"themes/rose/assets/rose-enhancements.css",280,cssVar,"var(--theme-accent)",accent,low,unknown
rose,"themes/rose/assets/rose-enhancements.css",316,cssVar,"var(--rose-white)",accent,low,unknown
rose,"themes/rose/assets/rose-enhancements.css",317,cssVar,"var(--rose-white)",accent,low,unknown
rose,"themes/rose/assets/rose-enhancements.css",317,cssVar,"var(--rose-blush)",accent,low,unknown
rose,"themes/rose/assets/rose-enhancements.css",318,cssVar,"var(--rose-accent)",accent,low,unknown
rose,"themes/rose/assets/rose-enhancements.css",330,cssVar,"var(--rose-accent)",accent,low,unknown
rose,"themes/rose/assets/rose-enhancements.css",331,cssVar,"var(--rose-gold)",accent,low,unknown
rose,"themes/rose/assets/rose-enhancements.css",332,cssVar,"var(--rose-primary)",accent,low,unknown
rose,"themes/rose/assets/rose-enhancements.css",333,cssVar,"var(--rose-gold)",accent,low,unknown
rose,"themes/rose/assets/rose-enhancements.css",334,cssVar,"var(--rose-accent)",accent,low,unknown
rose,"themes/rose/assets/rose-enhancements.css",348,cssVar,"var(--rose-accent)",accent,low,unknown
rose,"themes/rose/assets/rose-enhancements.css",33,gradient,"linear-gradient(135deg, color-mix(in srgb, var(--theme-accent)",accent,low,unknown
rose,"themes/rose/assets/rose-enhancements.css",192,gradient,"linear-gradient(var(--rose-white)",accent,low,unknown
rose,"themes/rose/assets/rose-enhancements.css",255,gradient,"linear-gradient(135deg, var(--rose-blush)",accent,low,unknown
rose,"themes/rose/assets/rose-interactions.js",200,hex,"#e91e63",accent,low,unknown
rose,"themes/rose/assets/rose-interactions.js",226,hex,"#e91e63",accent,low,unknown
rose,"themes/rose/assets/rose-interactions.js",227,hex,"#e91e63",accent,low,unknown
rose,"themes/rose/assets/rose-interactions.js",324,hex,"#e91e63",accent,low,unknown
rose,"themes/rose/assets/rose-interactions.js",29,cssVar,"var(--theme-accent)",accent,low,unknown
rose,"themes/rose/assets/rose-interactions.js",29,cssVar,"var(--theme-accent)",accent,low,unknown
rose,"themes/rose/assets/rose-interactions.js",29,gradient,"linear-gradient(45deg, var(--theme-accent)",accent,low,unknown
rose,"themes/rose/gallery-hooks.js",174,hex,"#ff69b4",accent,low,unknown
rose,"themes/rose/gallery-hooks.js",174,hex,"#ff1493",accent,low,unknown
rose,"themes/rose/gallery-hooks.js",174,hex,"#dc143c",accent,low,unknown
rose,"themes/rose/gallery-hooks.js",174,hex,"#b22222",accent,low,unknown
rose,"themes/rose/gallery-hooks.js",305,hex,"#ffb6c1",accent,low,unknown
rose,"themes/rose/gallery-hooks.js",305,hex,"#ffc0cb",accent,low,unknown
rose,"themes/rose/gallery-hooks.js",305,hex,"#ff69b4",accent,low,unknown
rose,"themes/rose/gallery-hooks.js",306,hex,"#ff1493",accent,low,unknown
rose,"themes/rose/gallery-hooks.js",306,hex,"#dc143c",accent,low,unknown
rose,"themes/rose/gallery-hooks.js",306,hex,"#b22222",accent,low,unknown
rose,"themes/rose/gallery-hooks.js",307,hex,"#8b0000",accent,low,unknown
rose,"themes/rose/gallery-hooks.js",307,hex,"#a52a2a",accent,low,unknown
rose,"themes/rose/gallery-hooks.js",307,hex,"#800000",accent,low,unknown
rose,"themes/rose/gallery-hooks.js",308,hex,"#c0c0c0",accent,low,unknown
rose,"themes/rose/gallery-hooks.js",308,hex,"#dda0dd",accent,low,unknown
rose,"themes/rose/gallery-hooks.js",308,hex,"#deb887",accent,low,unknown